word,topic0,topic1
money,0,0.31578947
bank,0.3125,0.47368421
loan,0,0.21052632
river,0.4375,0
stream,0.25,0
