Doc,Topic-0,Topic-1
0,0,0.53333333
1,0.18181818,0.54545455
2,0.38461538,0.23076923
3,0,0.54545455
4,0.44444444,0.11111111
