word,Topic-0,Topic-1
money,0,0.25
bank,0,0.58333333
loan,0,0.16666667
river,0.63636364,0
stream,0.36363636,0
